pair_id,gene,drug_id,cpic_level,pgx_testing,citations
110081,CYP2D6,RxNorm:704,A,Actionable PGx,"23486447,27997040"
110082,UGT1A1,RxNorm:343047,A,,26417955
110083,CYP2D6,RxNorm:38400,A,Actionable PGx,30801677
110088,HLA-B,RxNorm:2002,A,Testing Required,"23695185,29392710"
110089,CYP2C9,RxNorm:140587,A,Actionable PGx,32189324
110090,CYP2C19,RxNorm:2556,A,Actionable PGx,"25974703,37032427"
110103,CACNA1S,RxNorm:5095,A,,30499100
110117,CYP2D6,RxNorm:7531,A,Actionable PGx,"23486447,27997040"
110143,NUDT15,RxNorm:10485,A,Testing Recommended,"21270794,23422873,30447069"
110180,CYP2C19,RxNorm:2597,B,,"23486447,27997040"
110252,CYP2D6,RxNorm:1876905,B/C,Actionable PGx,
110295,CYP2D6,RxNorm:77492,B/C,Actionable PGx,
2452901,G6PD,RxNorm:7833,C,,36049896
110247,SLC6A4,RxNorm:2556,C,,37032427
110333,CYP2C19,RxNorm:283742,C,Actionable PGx,32770672
110061,CYP2C8,RxNorm:5640,C,,32189324
418197,CYP2D6,RxNorm:6813,C,,33387367
110206,G6PD,RxNorm:7517,C,Actionable PGx,36049896
110392,COMT,ATC:N06AB,C,,
3122379,HTR2A,RxNorm:36437,C,,37032427
110219,G6PD,RxNorm:10171,C,Actionable PGx,36049896
110414,CYP2A7P1,RxNorm:53654,C/D,,
110442,FDPS,ATC:M05BA,D,,
110452,EGF,RxNorm:318341,D,,
110453,FCGR3A,RxNorm:318341,D,,
110484,CRHR1,RxNorm:284635,D,,
110500,NAT1,RxNorm:6058,D,,
110521,XRCC1,RxNorm:1311280,D,,
110547,TCF7L2,MeSH:D013449,D,,
110158,NAT2,RxNorm:5470,A,Actionable PGx,
110168,CYP2D6,RxNorm:1455099,A,Actionable PGx,37032427
110149,CYP4F2,RxNorm:11289,A,,"21900891,28198005"
110150,VKORC1,RxNorm:11289,A,Actionable PGx,"21900891,28198005"
110152,MT-RNR1,ATC:J01G,A/B,,
110169,CYP2C9,RxNorm:154,B,,
110181,CYP2D6,RxNorm:2597,B,Actionable PGx,"23486447,27997040"
110314,G6PD,RxNorm:2393,C,Actionable PGx,36049896
110257,SLC28A3,RxNorm:3639,B/C,,
110259,SLCO1B1,RxNorm:2049846,B/C,Actionable PGx,
110266,CYP2D6,RxNorm:73178,B/C,Actionable PGx,
110267,CYP2D6,RxNorm:6185,B/C,,
110268,HLA-DRB1,RxNorm:480167,B/C,Actionable PGx,
110270,G6PD,RxNorm:6387,B/C,,
110271,MTHFR,RxNorm:1025342,B/C,,
110273,CYP2D6,RxNorm:6676,B/C,Actionable PGx,
110278,CYP2D6,RxNorm:1300786,B/C,Actionable PGx,
110176,SLCO1B1,RxNorm:596723,B,,
469134,CYP2B6,RxNorm:42347,B/C,,
110272,CYP2D6,RxNorm:28863,B/C,Actionable PGx,
110326,CYP2C9,RxNorm:3355,C,,32189324
3122081,CYP2C19,RxNorm:72625,C,,37032427
3122091,CYP2C19,RxNorm:4493,C,,37032427
2777631,CYP3A5,RxNorm:41127,C,,
110345,MC4R,RxNorm:5093,C,,
110086,DPYD,RxNorm:194000,A,Testing Recommended,"23988873,29152729"
110087,HLA-A,RxNorm:2002,A,Actionable PGx,"23695185,29392710"
110093,CACNA1S,RxNorm:27340,A,Actionable PGx,30499100
1556301,SLCO1B1,RxNorm:41127,A,,35152405
110113,NUDT15,RxNorm:103,A,Testing Recommended,"21270794,23422873,30447069"
3004620,MT-RNR1,RxNorm:7337,A,,34032273
826284,MT-RNR1,RxNorm:7934,A,,34032273
3004621,MT-RNR1,RxNorm:NA,A,,34032273
110151,MT-RNR1,RxNorm:641,A,Actionable PGx,34032273
1556299,SLCO1B1,RxNorm:83367,A,,35152405
110078,HLA-B,RxNorm:190521,A,Testing Required,"24561393,22378157"
110079,HLA-B,RxNorm:519,A,Testing Recommended,"23232549,26094938"
110080,CYP2C19,RxNorm:704,A,,"23486447,27997040"
110084,NUDT15,RxNorm:1256,A,Testing Recommended,"21270794,23422873,30447069"
110085,TPMT,RxNorm:1256,A,Testing Recommended,"21270794,23422873,30447069"
110092,CYP2D6,RxNorm:2670,A,Actionable PGx,"22205192,24458010,33387367"
110095,CYP2B6,RxNorm:195085,A,Actionable PGx,31006110
1556302,CYP2C9,RxNorm:41127,A,,35152405
110114,TPMT,RxNorm:103,A,Testing Recommended,"21270794,23422873,30447069"
110128,HLA-B,RxNorm:8183,A,Actionable PGx,"25099164,32779747"
110138,RYR1,RxNorm:10154,A,Actionable PGx,30499100
110139,CYP3A5,RxNorm:42316,A,,25801146
110144,TPMT,RxNorm:10485,A,Testing Recommended,"21270794,23422873,30447069"
110147,CYP2C19,RxNorm:121243,A,Actionable PGx,27981572
110186,CYP2C19,RxNorm:3638,B,Actionable PGx,"23486447,27997040"
110189,CYP2D6,RxNorm:42355,B,Actionable PGx,"25974703,37032427"
110194,CYP2C19,RxNorm:5691,B,,"23486447,27997040"
110291,UGT1A1,RxNorm:719872,B/C,Informative PGx,
110154,G6PD,RxNorm:1191,C,,36049896
418187,COMT,RxNorm:2670,C,,33387367
418198,COMT,RxNorm:6813,C,,33387367
110213,G6PD,RxNorm:9071,C,Actionable PGx,36049896
110098,CYP2C19,RxNorm:321988,A,Actionable PGx,"25974703,37032427"
110099,DPYD,RxNorm:4492,A,Actionable PGx,"23988873,29152729"
110391,SLCO1B1,RxNorm:301542,A,Actionable PGx,35152405
110276,CYP2D6,RxNorm:6918,B,,38951961
3122142,CYP2D6,RxNorm:2556,C,Informative PGx,37032427
110102,HLA-B,RxNorm:72236,A,Actionable PGx,"25099164,32779747"
110157,MT-RNR1,ATC:D06AX07,A,Actionable PGx,34032273
110104,RYR1,RxNorm:5095,A,,30499100
110063,CYP2C9,RxNorm:5640,A,,32189324
110106,UGT1A1,RxNorm:51499,A,Testing Recommended,
110107,CACNA1S,RxNorm:6026,A,Actionable PGx,30499100
110108,RYR1,RxNorm:6026,A,Actionable PGx,30499100
110109,CFTR,RxNorm:1243041,A,Testing Required,24598717
110159,MT-RNR1,RxNorm:6099,A,,34032273
110110,CYP2C19,RxNorm:17128,A,,32770672
110065,CYP2C9,RxNorm:20890,A,,32189324
110067,CYP2C9,RxNorm:41493,A,Actionable PGx,32189324
110115,CACNA1S,RxNorm:6857,A,,30499100
110116,RYR1,RxNorm:6857,A,,30499100
110201,G6PD,RxNorm:6878,A,Actionable PGx,36049896
3004619,MT-RNR1,RxNorm:7299,A,,34032273
110205,G6PD,RxNorm:7454,A,Actionable PGx,36049896
110118,CYP2C19,RxNorm:7646,A,Actionable PGx,32770672
110119,CYP2D6,RxNorm:26225,A,Informative PGx,28002639
110120,HLA-B,RxNorm:32624,A,Testing Recommended,29392710
110121,CYP2C19,RxNorm:40790,A,Actionable PGx,32770672
110122,CYP2D6,RxNorm:32937,A,,"25974703,37032427"
110123,IFNL3,RxNorm:120608,A,,24096968
110124,IFNL4,RxNorm:120608,A,,
110125,IFNL3,RxNorm:253453,A,Actionable PGx,24096968
110126,IFNL4,RxNorm:253453,A,,
110207,G6PD,RxNorm:1011650,A,Testing Required,36049896
110127,CYP2C9,RxNorm:8183,A,Actionable PGx,"25099164,32779747"
110071,CYP2C9,RxNorm:8356,A,Actionable PGx,32189324
1556298,SLCO1B1,RxNorm:861634,A,,35152405
110130,CYP2D6,RxNorm:2197878,A,Actionable PGx,
826285,MT-RNR1,RxNorm:2049549,A,Actionable PGx,34032273
110381,SLCO1B1,RxNorm:42463,A,,35152405
110211,G6PD,RxNorm:8687,A,Testing Required,36049896
110131,G6PD,RxNorm:283821,A,Testing Required,"24787449,36049896"
110132,IFNL3,RxNorm:9344,A,,24096968
110215,ABCG2,RxNorm:301542,A,,35152405
110216,CYP2C19,RxNorm:36437,A,,"25974703,37032427"
110133,CACNA1S,RxNorm:36453,A,Actionable PGx,30499100
110134,RYR1,RxNorm:36453,A,Actionable PGx,30499100
110135,SLCO1B1,RxNorm:36567,A,,"22617227,24918167,35152405"
110136,CYP2C9,RxNorm:2121085,A,Testing Required,
110162,MT-RNR1,RxNorm:10109,A,Actionable PGx,34032273
110137,CACNA1S,RxNorm:10154,A,Actionable PGx,30499100
110140,G6PD,RxNorm:2054023,A,Testing Required,36049896
110141,CYP2D6,RxNorm:10324,A,Actionable PGx,29385237
110072,CYP2C9,RxNorm:37790,A,,32189324
110164,MT-RNR1,RxNorm:10627,A,Actionable PGx,34032273
2452949,G6PD,RxNorm:10638,A,,36049896
110145,CYP2D6,RxNorm:10689,A,Actionable PGx,33387367
110146,CYP2D6,RxNorm:27392,A,,28002639
110148,CYP2C9,RxNorm:11289,A,Actionable PGx,"21900891,28198005"
110091,CYP2C19,RxNorm:32968,A,Actionable PGx,"21716271,23698643,35034351"
110182,G6PD,RxNorm:3108,A,Actionable PGx,36049896
110094,RYR1,RxNorm:27340,A,Actionable PGx,30499100
3004618,MT-RNR1,RxNorm:3328,A,,34032273
110096,CACNA1S,RxNorm:3920,A,Actionable PGx,30499100
110097,RYR1,RxNorm:3920,A,Actionable PGx,30499100
110100,CYP2C9,RxNorm:4502,A,Actionable PGx,32189324
110101,CYP2C9,RxNorm:72236,A,Actionable PGx,"25099164,32779747"
1556300,SLCO1B1,RxNorm:6472,A,,35152405
110170,CYP4F2,RxNorm:154,B,,
110171,CYP2D6,RxNorm:89013,B,Actionable PGx,
110173,CYP2C19,RxNorm:1739745,B,Actionable PGx,
110174,SCN1A,RxNorm:2002,B,,
110172,UGT1A1,RxNorm:1543543,B,Actionable PGx,
110175,NAGS,RxNorm:401713,B,Testing Required,
110183,CYP2D6,RxNorm:3247,B,Actionable PGx,"23486447,27997040"
110184,CYP2C19,RxNorm:816346,B,Actionable PGx,32770672
110187,CYP2D6,RxNorm:3638,B,Actionable PGx,"23486447,27997040"
110188,G6PD,RxNorm:4053,B,,
110193,CYP2D6,RxNorm:5489,B,,33387367
110195,CYP2D6,RxNorm:5691,B,Actionable PGx,"23486447,27997040"
110196,G6PD,RxNorm:82122,B,,
110198,G6PD,RxNorm:6694,B,,
110203,HPRT1,RxNorm:7145,B,Actionable PGx,
110209,CYP4F2,RxNorm:8150,B,,
110210,SCN1A,RxNorm:8183,B,,
110214,CYP2D6,RxNorm:35636,B,Informative PGx,
3122076,CYP2B6,RxNorm:36437,B,,37032427
110223,CYP2C19,RxNorm:10834,B,,"23486447,27997040"
110224,CYP2D6,RxNorm:10834,B,Actionable PGx,"23486447,27997040"
110225,ABL2,RxNorm:11118,B,,
110165,POLG,RxNorm:11118,A/B,Testing Required,
110226,ASL,RxNorm:11118,B,,
110227,ASS1,RxNorm:11118,B,,
110228,CPS1,RxNorm:11118,B,,
110229,NAGS,RxNorm:11118,B,,
110230,OTC,RxNorm:11118,B,Actionable PGx,
110167,CYP2D6,RxNorm:39786,B,Actionable PGx,37032427
110231,HLA-A,RxNorm:519,B/C,,
110232,NAT2,RxNorm:2106338,B/C,Actionable PGx,
110233,NAT2,RxNorm:2106337,B/C,Actionable PGx,
110234,CYP2D6,RxNorm:722,B/C,Actionable PGx,
110235,CYP2D6,RxNorm:725,B/C,Informative PGx,
110236,CYP2D6,RxNorm:1673265,B/C,Actionable PGx,
110239,CYP2C9,RxNorm:2045726,B/C,,
110240,CYP2D6,RxNorm:1658314,B/C,Actionable PGx,
110241,ADRB1,Drugbank:DB12752,B/C,,
110242,CYP2C19,RxNorm:2101,B/C,Actionable PGx,
110246,CYP2D6,RxNorm:44281,B/C,Actionable PGx,
110248,CYP2C19,RxNorm:21241,B/C,Actionable PGx,
110249,CYP2D6,RxNorm:2626,B/C,Actionable PGx,
110251,SLC28A3,RxNorm:3109,B/C,,
110253,CYP2D6,RxNorm:3289,B/C,,
110254,CYP2C19,RxNorm:3322,B/C,Actionable PGx,
110255,UGT1A1,RxNorm:1433868,B/C,Actionable PGx,
110256,CYP2D6,RxNorm:135447,B/C,Actionable PGx,
110258,CYP2C9,RxNorm:224925,B/C,Actionable PGx,
110260,CYP2C9,RxNorm:2123125,B/C,Actionable PGx,
110262,CYP2D6,RxNorm:4441,B/C,,
110263,CYP2D6,RxNorm:328134,B/C,Actionable PGx,
110264,CYP2D6,RxNorm:5093,B/C,,
110269,CYP2C9,RxNorm:1731031,B/C,Actionable PGx,
110274,CYP2D6,RxNorm:6915,B/C,Actionable PGx,
110279,CYP2D6,RxNorm:15996,B/C,,
110280,BCHE,RxNorm:30077,B/C,Actionable PGx,
110282,CYP2B6,RxNorm:53654,B/C,,
110283,UGT1A1,RxNorm:662281,B/C,Actionable PGx,
110284,HLA-B,RxNorm:714438,B/C,Actionable PGx,
110285,UGT1A1,RxNorm:714438,B/C,Actionable PGx,
110286,CYP2D6,RxNorm:8076,B/C,Actionable PGx,
110287,NAT2,RxNorm:8700,B/C,Actionable PGx,
110290,CYP2D6,RxNorm:8886,B/C,Actionable PGx,
110292,BCHE,RxNorm:10154,B/C,Actionable PGx,
110293,NAT2,RxNorm:10831,B/C,Actionable PGx,
110294,NAT2,RxNorm:9524,B/C,Actionable PGx,
110296,CYP2D6,RxNorm:10502,B/C,Actionable PGx,
110297,CYP2D6,RxNorm:10600,B/C,,
110298,CYP2D6,RxNorm:1918219,B/C,Actionable PGx,
110299,CYP2D6,RxNorm:114176,B/C,,
110062,CYP2C9,RxNorm:16689,C,,32189324
110301,TNF,RxNorm:327361,C,,
418183,COMT,RxNorm:480,C,,33387367
110302,OPRM1,RxNorm:480,C,,33387367
110200,CYP2B6,RxNorm:6813,C,,38863207
110153,ABCB1,ATC:N06A,A/B,,
110155,POLG,RxNorm:266856,A/B,Testing Required,
110156,CYP2D6,RxNorm:1547220,A/B,Testing Required,
110160,CYP2D6,RxNorm:2392230,A/B,Actionable PGx,
110161,CYP2D6,RxNorm:8331,A/B,Testing Required,
110163,CYP2D6,RxNorm:10390,A/B,Testing Required,
110166,GBA,RxNorm:901805,A/B,Testing Required,
2777623,CYP3A4,RxNorm:83367,C,,
2777630,CYP3A5,RxNorm:83367,C,,
2777770,HMGCR,RxNorm:83367,C,,
418185,COMT,RxNorm:1819,C,,33387367
418186,OPRM1,RxNorm:1819,C,,33387367
110311,MTHFR,RxNorm:194000,C,,
110312,HLA-B,RxNorm:2020,C,,
110313,MTHFR,RxNorm:40048,C,,
110177,G6PD,RxNorm:2348,C,,36049896
110178,G6PD,RxNorm:2404,C,Actionable PGx,36049896
110179,G6PD,RxNorm:2551,C,,36049896
110317,HTR2A,RxNorm:2556,C,,37032427
110315,COMT,RxNorm:2556,C,,
110316,GRIK4,RxNorm:2556,C,,
110318,CES1,RxNorm:32968,C,,
110319,HTR2C,RxNorm:2626,C,,
110320,MC4R,RxNorm:2626,C,,
418188,OPRM1,RxNorm:2670,C,,33387367
110321,MTHFR,RxNorm:3002,C,,
110250,G6PD,RxNorm:1424911,C,Actionable PGx,36049896
110323,HLA-B,RxNorm:3108,C,,
110322,CYP3A5,RxNorm:3008,C,,
110324,CYP2D6,RxNorm:136198,C,Actionable PGx,
3122371,HTR2A,RxNorm:734064,C,,37032427
3122500,SLC6A4,RxNorm:734064,C,,37032427
110059,CYP2C8,RxNorm:3355,C,,32189324
110327,ABCB1,RxNorm:3407,C,,
110185,G6PD,RxNorm:3445,C,,36049896
110328,CYP2D6,RxNorm:68091,C,,
2452910,G6PD,RxNorm:3639,C,,36049896
110329,CYP2D6,RxNorm:72625,C,Actionable PGx,37032427
3122372,HTR2A,RxNorm:72625,C,,37032427
3122501,SLC6A4,RxNorm:72625,C,,37032427
110330,F5,RxNorm:711942,C,Actionable PGx,
3122155,CYP2D6,RxNorm:321988,C,,37032427
3122373,HTR2A,RxNorm:321988,C,,37032427
110261,SLC6A4,RxNorm:321988,C,,37032427
110331,COMT,RxNorm:321988,C,,
110332,GRIK4,RxNorm:321988,C,,
110334,TNF,RxNorm:214555,C,,
418189,COMT,RxNorm:4337,C,,33387367
110336,OPRM1,RxNorm:4337,C,,33387367
110339,CYP2C9,RxNorm:1665509,C,Actionable PGx,
110335,ABCB1,RxNorm:4337,C,,
110340,CYP2D6,RxNorm:1665509,C,Actionable PGx,
110337,CYP2D6,RxNorm:797195,C,Actionable PGx,
110338,CYP2C19,RxNorm:1665509,C,Actionable PGx,
110341,MTHFR,RxNorm:4492,C,,
3122503,SLC6A4,RxNorm:4493,C,,37032427
110342,CYP2D6,RxNorm:4493,C,Actionable PGx,37032427
3122374,HTR2A,RxNorm:4493,C,,37032427
110343,GRIK4,RxNorm:4493,C,,
2777624,CYP3A4,RxNorm:41127,C,,
2777771,HMGCR,RxNorm:41127,C,,
3122092,CYP2C19,RxNorm:42355,C,,37032427
3122375,HTR2A,RxNorm:42355,C,,37032427
3122504,SLC6A4,RxNorm:42355,C,,37032427
2452913,G6PD,RxNorm:4816,C,,36049896
2452912,G6PD,RxNorm:4601,C,,36049896
110344,CYP2D6,RxNorm:4637,C,Informative PGx,
110191,G6PD,RxNorm:25789,C,Actionable PGx,
110192,G6PD,RxNorm:4821,C,Actionable PGx,36049896
110190,G6PD,RxNorm:4815,C,Actionable PGx,36049896
110346,F5,ATC:G03A,C,,
418191,COMT,RxNorm:5489,C,,33387367
418192,OPRM1,RxNorm:5489,C,,33387367
418193,COMT,RxNorm:3423,C,,33387367
418194,OPRM1,RxNorm:3423,C,,33387367
110265,G6PD,RxNorm:5521,C,Actionable PGx,36049896
110303,HLA-C,RxNorm:519,C,,
110304,MC4R,RxNorm:46303,C,,
110305,MC4R,ATC:N05A,C,,
110306,MC4R,RxNorm:89013,C,,
110060,CYP2C9,RxNorm:1191,C,,32189324
110308,HLA-DPB1,RxNorm:1191,C,,
110309,CFTR,MeSH:C515878,C,,
110310,CYP3A5,RxNorm:343047,C,,
3122505,SLC6A4,RxNorm:1433212,C,,37032427
2777625,CYP3A4,RxNorm:6472,C,,
2777632,CYP3A5,RxNorm:6472,C,,
2777772,HMGCR,RxNorm:6472,C,,
110066,CYP2C9,ATC:M01AH06,C,,32189324
110197,G6PD,RxNorm:6572,C,Actionable PGx,36049896
2452922,G6PD,RxNorm:9061,C,,36049896
110199,G6PD,RxNorm:52582,C,,36049896
110068,CYP2C9,RxNorm:3523,C,,
110355,OPRM1,RxNorm:6813,C,,33387367
110356,HLA-B,RxNorm:6826,C,,
110357,HLA-C,RxNorm:6826,C,,
110358,HLA-B,RxNorm:6835,C,,
110359,ABCB1,RxNorm:6851,C,,
110360,MTHFR,RxNorm:6851,C,,
110361,SLCO1B1,RxNorm:6851,C,,
110362,CYP2D6,RxNorm:6901,C,,
3122377,HTR2A,RxNorm:588250,C,,37032427
3122506,SLC6A4,RxNorm:588250,C,,37032427
110363,CYP2D6,RxNorm:30125,C,Actionable PGx,
418200,COMT,RxNorm:7052,C,,33387367
110364,OPRM1,RxNorm:7052,C,,33387367
110202,G6PD,RxNorm:139462,C,,36049896
110069,CYP2C9,RxNorm:31448,C,,32189324
110204,G6PD,RxNorm:7240,C,Actionable PGx,36049896
110366,OPRM1,RxNorm:7242,C,,
418202,COMT,RxNorm:7243,C,,33387367
110367,OPRM1,RxNorm:7243,C,,33387367
110070,CYP2C9,RxNorm:7258,C,,32189324
110369,ABCB1,RxNorm:53654,C,,
110370,HLA-B,RxNorm:53654,C,,
110371,HLA-DRB1,RxNorm:53654,C,,
2452927,G6PD,RxNorm:31748,C,,36049896
2452928,G6PD,RxNorm:7455,C,,36049896
2452931,G6PD,RxNorm:7623,C,,36049896
110372,CYP2D6,RxNorm:61381,C,,
110373,HTR2C,RxNorm:61381,C,,
110374,MC4R,RxNorm:61381,C,,
110375,MTHFR,RxNorm:32592,C,,
110376,HLA-A,RxNorm:32624,C,,29392710
418205,COMT,RxNorm:7804,C,,33387367
110377,CYP2D6,RxNorm:7804,C,,33387367
418206,OPRM1,RxNorm:7804,C,,33387367
110378,MC4R,RxNorm:679314,C,,
110379,CYP2D6,RxNorm:70561,C,Informative PGx,
3122097,CYP2C19,RxNorm:32937,C,,37032427
3122378,HTR2A,RxNorm:32937,C,,37032427
3122507,SLC6A4,RxNorm:32937,C,,37032427
110380,GRIK4,RxNorm:32937,C,,
110208,G6PD,RxNorm:8120,C,,36049896
2946944,CYP3A4,RxNorm:861634,C,,
2946952,CYP3A5,RxNorm:861634,C,,
2947093,HMGCR,RxNorm:861634,C,,
2777620,CYP3A4,RxNorm:42463,C,,
110382,HLA-B,RxNorm:8794,C,,
2777627,CYP3A5,RxNorm:42463,C,,
110212,G6PD,RxNorm:8698,C,Actionable PGx,36049896
110383,MC4R,RxNorm:51272,C,,
110384,CYP2D6,RxNorm:9068,C,,
110385,CYP2D6,RxNorm:9071,C,Actionable PGx,
110386,CYP2C19,RxNorm:114979,C,Actionable PGx,32770672
418207,COMT,RxNorm:73032,C,,33387367
418208,OPRM1,RxNorm:73032,C,,33387367
110387,DRD2,RxNorm:35636,C,,
110388,HTR2C,RxNorm:35636,C,,
110389,MC4R,RxNorm:35636,C,,
110390,CYP2C8,RxNorm:84108,C,,
2777622,CYP3A4,RxNorm:301542,C,,
2777629,CYP3A5,RxNorm:301542,C,,
2777769,HMGCR,RxNorm:301542,C,,
110393,CYP2D6,RxNorm:36437,C,,37032427
110394,GRIK4,RxNorm:36437,C,,
110064,CYP2C9,RxNorm:5781,C,,32189324
110349,TNF,RxNorm:191831,C,,
110350,NAT2,RxNorm:6038,C,,
110351,HLA-DQA1,RxNorm:480167,C,Actionable PGx,
110352,MTHFR,RxNorm:6313,C,,
418195,COMT,RxNorm:236913,C,,33387367
418196,OPRM1,RxNorm:236913,C,,33387367
3122376,HTR2A,RxNorm:1433212,C,,37032427
110218,G6PD,RxNorm:10169,C,,36049896
2452941,G6PD,RxNorm:10178,C,,36049896
110220,G6PD,RxNorm:10831,C,Actionable PGx,36049896
2452943,G6PD,RxNorm:10184,C,,36049896
110221,G6PD,RxNorm:9524,C,Actionable PGx,36049896
110222,G6PD,RxNorm:10207,C,,36049896
110397,CYP3A4,RxNorm:42316,C,,
110398,DPYD,RxNorm:4582,C,,"23988873,29152729"
110399,CYP2D6,RxNorm:37801,C,,
110400,CYP2D6,RxNorm:69120,C,Informative PGx,
2452947,G6PD,RxNorm:10633,C,Actionable PGx,36049896
2452948,G6PD,RxNorm:10635,C,Actionable PGx,36049896
110401,CYP2D6,RxNorm:119565,C,Actionable PGx,
418211,COMT,RxNorm:10689,C,,33387367
110402,OPRM1,RxNorm:10689,C,,33387367
2452950,G6PD,RxNorm:1425099,C,,36049896
110403,TNF,ATC:L04AB,C,,
3122101,CYP2C19,RxNorm:39786,C,,37032427
3122380,HTR2A,RxNorm:39786,C,,37032427
3122509,SLC6A4,RxNorm:39786,C,,37032427
110404,GRIK4,RxNorm:39786,C,,
3122381,HTR2A,RxNorm:1086769,C,,37032427
3122510,SLC6A4,RxNorm:1086769,C,,37032427
110405,G6PD,RxNorm:1151,C,,36049896
2452952,G6PD,RxNorm:11258,C,,36049896
3122103,CYP2C19,RxNorm:1455099,C,,37032427
110406,MC4R,RxNorm:115698,C,,
3122382,HTR2A,RxNorm:1455099,C,,37032427
3122511,SLC6A4,RxNorm:1455099,C,,37032427
110407,COMT,RxNorm:2555,C/D,,
110408,CYP2A7P1,RxNorm:195085,C/D,,
110409,OPRM1,RxNorm:448,C/D,,
110410,ITPA,RxNorm:5880,C/D,,
110411,ABCB1,RxNorm:6813,C/D,,
110412,CYP3A5,RxNorm:6960,C/D,,
110413,ABCB1,RxNorm:7052,C/D,,
110415,COMT,RxNorm:7407,C/D,,
110416,ABCB1,RxNorm:26225,C/D,,
110417,UGT2B15,RxNorm:7781,C/D,,
110418,ABCB1,RxNorm:7804,C/D,,
110419,GSTP1,ATC:L01XA,C/D,,
110420,ABCB1,RxNorm:357977,C/D,,
110421,ABCB1,RxNorm:10689,C/D,,
110422,KCNIP4,ATC:C09AA,D,,
110423,FDPS,RxNorm:46041,D,,
110424,NQO1,ATC:L01A,D,,
110425,CBR3,ATC:L01DB,D,,
110426,HAS3,ATC:L01DB,D,,
110427,NQO1,ATC:L01DB,D,,
110428,SLC28A3,ATC:L01DB,D,,
110429,FKBP5,ATC:N06A,D,,
110430,GRIK4,ATC:N06A,D,,
110431,HTR2A,ATC:N06A,D,,
110432,ANKK1,ATC:N05A,D,,
110433,GP1BA,RxNorm:1191,D,,
110434,LTC4S,RxNorm:1191,D,,
110435,PTGS1,RxNorm:1191,D,,
110436,APOE,RxNorm:83367,D,,
110437,CETP,RxNorm:83367,D,,
110438,COQ2,RxNorm:83367,D,,
110439,KIF6,RxNorm:83367,D,,
110440,LDLR,RxNorm:83367,D,,
110441,LPA,RxNorm:83367,D,,
110443,CRHR1,RxNorm:19831,D,,
110444,ANKK1,RxNorm:42347,D,,
110445,ADORA2A,RxNorm:1886,D,,
110446,TYMS,RxNorm:194000,D,,
110447,ACE,RxNorm:1998,D,,
110448,EPHX1,RxNorm:2002,D,,
110449,FLOT1,RxNorm:2002,D,,
110450,CETP,RxNorm:596723,D,,
110451,LPA,RxNorm:596723,D,,
3122508,SLC6A4,RxNorm:36437,C,,37032427
110395,ABCB1,RxNorm:36567,C,,
2777621,CYP3A4,RxNorm:36567,C,,
2777628,CYP3A5,RxNorm:36567,C,,
110396,CYP3A5,RxNorm:35302,C,,
110217,G6PD,RxNorm:9894,C,Actionable PGx,36049896
418209,COMT,RxNorm:56795,C,,33387367
418210,OPRM1,RxNorm:56795,C,,33387367
110461,ANKK1,RxNorm:2626,D,,
110462,GSTP1,RxNorm:3002,D,,
110463,NQO1,RxNorm:3002,D,,
110464,SOD2,RxNorm:3002,D,,
110465,TP53,RxNorm:3002,D,,
110466,CBR3,RxNorm:3109,D,,
110467,HAS3,RxNorm:3109,D,,
110468,CBR3,RxNorm:3639,D,,
110469,HAS3,RxNorm:3639,D,,
110470,NQO1,RxNorm:3639,D,,
110471,SERPINC1,RxNorm:711942,D,Actionable PGx,
110472,CBR3,RxNorm:3995,D,,
110473,GSTP1,RxNorm:3995,D,,
110474,HAS3,RxNorm:3995,D,,
110475,NQO1,RxNorm:3995,D,,
110476,ANKK1,RxNorm:448,D,,
110477,DYNC2H1,RxNorm:4179,D,,
110478,GSTP1,RxNorm:4492,D,,
110479,NQO1,RxNorm:4492,D,,
110480,TYMS,RxNorm:4492,D,,
110481,UMPS,RxNorm:4492,D,,
110482,FKBP5,RxNorm:4493,D,,
110483,CRHR1,RxNorm:50121,D,,
110485,CETP,RxNorm:41127,D,,
110486,LPA,RxNorm:41127,D,,
110487,ADD1,RxNorm:4603,D,,
110488,NT5C2,RxNorm:12574,D,,
110489,CETP,ATC:C10AA,D,,
110490,HMGCR,ATC:C10AA,D,,
110491,LPA,ATC:C10AA,D,,
110492,NAT1,RxNorm:5470,D,,
110493,NEDD4L,RxNorm:5487,D,,
110494,PRKCA,RxNorm:5487,D,,
110495,YEATS4,RxNorm:5487,D,,
110496,CBR3,RxNorm:5650,D,,
110497,HAS3,RxNorm:5650,D,,
110498,C8orf34,RxNorm:51499,D,,
110499,SEMA3C,RxNorm:51499,D,,
110501,NAT2,RxNorm:6058,D,,
110502,UGT1A4,RxNorm:28439,D,,
110503,PTGFR,RxNorm:43611,D,,
110504,C11orf65,RxNorm:6809,D,,
110505,SLC47A2,RxNorm:6809,D,,
110506,ATIC,RxNorm:6851,D,,
110507,MTRR,RxNorm:6851,D,,
110508,CYB5R1,RxNorm:6915,D,Actionable PGx,
110509,CYB5R2,RxNorm:6915,D,Actionable PGx,
110510,CYB5R3,RxNorm:6915,D,Actionable PGx,
110511,CYB5R4,RxNorm:6915,D,Actionable PGx,
110512,FKBP5,RxNorm:15996,D,,
110513,CCHCR1,RxNorm:53654,D,,
110514,CHRNA3,RxNorm:7407,D,,
110515,ANKK1,RxNorm:61381,D,,
110516,GSTM1,RxNorm:32592,D,,
110517,GSTP1,RxNorm:32592,D,,
110518,FKBP5,RxNorm:32937,D,,
110519,HTR1A,RxNorm:32937,D,,
110520,VDR,RxNorm:253453,D,,
110522,DYNC2H1,ATC:L01XA,D,,
110523,ERCC1,ATC:L01XA,D,,
110524,NQO1,ATC:L01XA,D,,
110525,CETP,RxNorm:42463,D,,
110526,HMGCR,RxNorm:42463,D,,
110527,KIF6,RxNorm:42463,D,,
110528,LPA,RxNorm:42463,D,,
110529,TANC1,MedDRA:10037794,D,,
110530,FDPS,RxNorm:72143,D,,
110531,VDR,RxNorm:9344,D,,
110532,FDPS,RxNorm:73056,D,,
110533,ANKK1,RxNorm:35636,D,,
110534,FCGR3A,RxNorm:121191,D,,
110535,COQ2,RxNorm:301542,D,,
110536,LPA,RxNorm:301542,D,,
110537,ADRB2,RxNorm:435,D,,
110538,COL22A1,RxNorm:435,D,,
110539,CRHR2,RxNorm:435,D,,
110540,ADRB2,RxNorm:36117,D,,
110541,TXNRD2,ATC:N06AB,D,,
110542,GNB3,RxNorm:136411,D,,
110543,CETP,RxNorm:36567,D,,
110544,HMGCR,RxNorm:36567,D,,
110545,LPA,RxNorm:36567,D,,
110546,ADD1,RxNorm:9997,D,,
110548,ABCC4,RxNorm:117466,D,,
110549,CRHR1,RxNorm:10759,D,,
110550,FKBP5,RxNorm:39786,D,,
110551,CALU,RxNorm:11289,D,,
110552,GGCX,RxNorm:11289,D,,
1354912,ACYP2,RxNorm:2555,D,,
110454,ERCC1,RxNorm:2555,D,,
110455,GSTM1,RxNorm:2555,D,,
110456,NQO1,RxNorm:2555,D,,
110457,TMEM43,RxNorm:2555,D,,
110458,TP53,RxNorm:2555,D,,
110459,XPC,RxNorm:2555,D,,
110460,FKBP5,RxNorm:2556,D,,
5401564,GRK5,RxNorm:8332,C,,38951961
5401528,ADRA2C,RxNorm:149,C,,38951961
5401525,ADRB2,RxNorm:8332,C,,38951961
5401532,ADRA2C,RxNorm:20352,C,,38951961
5401509,ADRB1,RxNorm:149,C,,38951961
5401547,GRK4,RxNorm:6185,C,,38951961
5401548,GRK4,RxNorm:6918,C,,38951961
5401549,GRK4,RxNorm:7226,C,,38951961
110281,CYP2D6,RxNorm:31555,C,,38951961
5401531,ADRA2C,RxNorm:19484,C,,38951961
5401557,GRK5,RxNorm:19484,C,,38951961
5401529,ADRA2C,RxNorm:1202,C,,38951961
5401539,ADRA2C,RxNorm:8787,C,,38951961
110553,PROC,RxNorm:11289,D,Actionable PGx,
5401530,ADRA2C,RxNorm:1520,C,,38951961
5401563,GRK5,RxNorm:31555,C,,38951961
5401552,GRK4,RxNorm:8787,C,,38951961
5401553,GRK4,RxNorm:9947,C,,38951961
110244,CYP2D6,RxNorm:20352,C,,38951961
5401523,ADRB2,RxNorm:6185,C,,38951961
5401517,ADRB1,RxNorm:7226,C,,38951961
5401538,ADRA2C,RxNorm:8332,C,,38951961
5401565,GRK5,RxNorm:8787,C,,38951961
5401566,GRK5,RxNorm:9947,C,,38951961
5401533,ADRA2C,RxNorm:49737,C,,38951961
110238,GRK5,RxNorm:1202,C,,38951961
5401556,GRK5,RxNorm:1520,C,,38951961
5401544,GRK4,RxNorm:19484,C,,38951961
110245,GRK5,RxNorm:20352,C,,38951961
5401554,GRK5,RxNorm:149,C,,38951961
5401560,GRK5,RxNorm:6185,C,,38951961
110277,GRK5,RxNorm:6918,C,,38951961
5401562,GRK5,RxNorm:7226,C,,38951961
5401550,GRK4,RxNorm:31555,C,,38951961
5401551,GRK4,RxNorm:8332,C,,38951961
110289,CYP2D6,RxNorm:8787,C,,38951961
5401527,ADRB2,RxNorm:9947,C,,38951961
5401522,ADRB2,RxNorm:20352,C,,38951961
5401504,CYP2D6,RxNorm:1520,C,,38951961
5401512,ADRB1,RxNorm:19484,C,,38951961
110243,ADRB1,RxNorm:20352,C,,38951961
5401503,CYP2D6,RxNorm:149,C,,38951961
110237,ADRB1,RxNorm:1202,C,,38951961
110275,ADRB1,RxNorm:6918,C,,38951961
5401524,ADRB2,RxNorm:7226,C,,38951961
5401518,ADRB1,RxNorm:31555,C,,38951961
5401519,ADRB1,RxNorm:8332,C,,38951961
5401520,ADRB1,RxNorm:8787,C,,38951961
5401540,ADRA2C,RxNorm:9947,C,,38951961
110554,PROS1,RxNorm:11289,D,Actionable PGx,
5401514,ADRB1,RxNorm:49737,C,,38951961
5401543,GRK4,RxNorm:1520,C,,38951961
5401505,CYP2D6,RxNorm:19484,C,,38951961
5401545,GRK4,RxNorm:20352,C,,38951961
5401541,GRK4,RxNorm:149,C,,38951961
5401542,GRK4,RxNorm:1202,C,,38951961
5401559,GRK5,RxNorm:49737,C,,38951961
5401534,ADRA2C,RxNorm:6185,C,,38951961
5401511,ADRB1,RxNorm:1520,C,,38951961
5401526,ADRB2,RxNorm:8787,C,,38951961
5401521,ADRB1,RxNorm:9947,C,,38951961
5401546,GRK4,RxNorm:49737,C,,38951961
5401515,ADRB1,RxNorm:6185,C,,38951961
5401535,ADRA2C,RxNorm:6918,C,,38951961
5401536,ADRA2C,RxNorm:7226,C,,38951961
5401537,ADRA2C,RxNorm:31555,C,,38951961
110288,CYP2D6,RxNorm:8754,B/C,Informative PGx,
